Query,Niche,Are niches similar,Title length (chars),H1,Is_question,Cosine similarity between search term and title,Word count,External links,Internal links,Backlinks,SERP position,Article link,DA,Readability
What is generative AI,AI and tech,AI and tech,22,What is generative AI?,TRUE,1,2453,4,4,6613,1,https://www.mckinsey.com/featured-insights/mckinsey-explainers/what-is-generative-ai,71,Fairly Hard
What is generative AI,AI and tech,AI and tech,38,What is GenAI? Generative AI explained,TRUE,0.7092972666,42249,13,20,7389,8,https://www.techtarget.com/searchenterpriseai/definition/generative-AI,90,Hard
What is generative AI,AI and tech,AI and tech,22,What is Generative AI?,TRUE,1,952,0,0,220,17,https://teaching.pitt.edu/resources/what-is-generative-ai,69,Very Easy
Best AI tools for writers,AI and tech,AI and tech,48,The 50 Best AI Tools for 2025 (Tried and Tested),FALSE,0.4109954639,14954,108,8,7707,3,https://www.synthesia.io/post/ai-tools,56,Fairly Hard
Best AI tools for writers,AI and tech,AI and tech,39,AI Writing Tools For Effortless Writing,FALSE,0.3171074666,1087,7,4,832,9,https://www.grammarly.com/ai/ai-writing-tools,90,Normal
Best AI tools for writers,AI and tech,Business and marketing,88,We tested the 7 best AI email writers: See our top picks for streamlining your marketing,FALSE,0.3226045087,5152,14,13,26,32,https://www.mailerlite.com/blog/best-ai-email-writers,53,Fairly Easy
Best AI tools for writers,AI and tech,Business and marketing,67,"9 of the Best AI Writing Tools and Assistants to Help You Work Smarter, Not Harder",TRUE,0.2202013872,3561,22,11,651,2,https://buffer.com/resources/ai-writing-tools/,69,Fairly Easy
Best AI tools for writers,AI and tech,Business and marketing,60,The 11 Best AI Writing Tools to Try in 2025 [Tried & Tested],FALSE,0.2496354941,6524,44,6,78,27,https://writesonic.com/blog/ai-writing-tools,58,Normal
Best AI tools for writers,AI and tech,Workflow automation,32,The 6 best AI writing generators,FALSE,0.2523342014,308,7,1,807,1,https://zapier.com/blog/best-ai-writing-generator/,80,Fairly Easy
How to use ChatGPT for research,AI and tech,Biomedical and life sciences,58,ChatGPT for Research and Publication: A Step-by-Step Guide,FALSE,0.2315705261,2912,22,12,20,2,https://pmc.ncbi.nlm.nih.gov/articles/PMC10731938/,100,Fairly Hard
How to use ChatGPT for research,AI and tech,AI and tech,78,"How to use ChatGPT to do research for papers, presentations, studies, and more",TRUE,0.6258188344,1767,14,0,219,13,https://www.zdnet.com/article/how-to-use-chatgpt-to-do-research-for-papers-presentations-studies-and-more/,75,Fairly Easy
How to use ChatGPT for research,AI and tech,Biomedical and life sciences,53,Using ChatGPT to assist with writing a research paper,TRUE,0.2798280652,352,7,0,4,3,https://www.medmastery.com/magazine/using-chatgpt-to-write-research-paper,43,Normal
How to use ChatGPT for research,AI and tech,Academic writing and editing support,51,How to Write a Paper with ChatGPT | Tips & Examples,TRUE,0.2798280652,3342,13,20,35,5,https://www.scribbr.com/ai-tools/chatgpt-research-paper/,85,Fairly Hard
Future of artificial intelligence,AI and tech,Tech and recruiting,67,The Future of AI: How Artificial Intelligence Will Change the World,TRUE,0.428569345,2412,30,0,4038,2,https://builtin.com/artificial-intelligence/artificial-intelligence-future,71,Fairly Hard
Future of artificial intelligence,AI and tech,AI and tech,52,The future of AI: What to expect in the next 5 years,TRUE,0.1683103093,2394,11,20,760,4,https://www.techtarget.com/searchenterpriseai/tip/The-future-of-AI-What-to-expect-in-the-next-5-years,90,Fairly Hard
Future of artificial intelligence,AI and tech,AI and tech,50,The future of AI: trends shaping the next 10 years,FALSE,0.1757860784,3520,6,0,237,1,https://www.ibm.com/think/insights/artificial-intelligence-future,88,Hard
Future of artificial intelligence,AI and tech,AI and tech,70,The Evolution and Future of Artificial Intelligence: A Student’s Guide,FALSE,0.5368927119,2459,23,1,215,3,https://www.calmu.edu/news/future-of-artificial-intelligence,38,Hard
What is machine learning used for,AI and tech,AI and tech,25,What is machine learning?,TRUE,0.7092972666,2275,7,11,2360,14,https://azure.microsoft.com/en-us/resources/cloud-computing-dictionary/what-is-machine-learning-platform,100,
What is machine learning used for,AI and tech,AI and tech,57,"What is Machine Learning? Definition, Types, Tools & More",TRUE,0.4112070551,4953,13,2,969,17,https://www.datacamp.com/blog/what-is-machine-learning,68,Fairly Hard
Generative AI vs traditional AI,AI and tech,AI and tech,0,Generative AI vs. Traditional AI: Understanding the Differences,FALSE,0.7358969498,79,4,0,55,5,https://www.ourcrowd.com/learn/generative-ai-vs-traditional-ai,38,Very Easy
Generative AI vs traditional AI,AI and tech,Business and finance,87,The Difference Between Generative AI And Traditional AI: An Easy Explanation For Anyone,FALSE,0.4357017401,2558,18,0,6670,1,https://www.forbes.com/sites/bernardmarr/2023/07/24/the-difference-between-generative-ai-and-traditional-ai-an-easy-explanation-for-anyone/,100,Fairly Easy
Generative AI vs traditional AI,AI and tech,Professional development,53,Exploring the Shift from Traditional to Generative AI,FALSE,0.3947153106,1393,21,0,15,3,https://curve.mit.edu/exploring-shift-traditional-generative-ai,90,Hard
Generative AI vs traditional AI,AI and tech,Education and research,20,College of Education,FALSE,0,2823,10,2,19,4,https://education.illinois.edu/about/news-events/news/article/2024/11/11/what-is-generative-ai-vs-ai,75,Hard
AI content detection tools,AI and tech,Workflow automation,37,The best AI content detectors in 2025,FALSE,0.2379030946,276,7,3,256,1,https://zapier.com/blog/ai-content-detector/,80,Fairly Easy
AI content detection tools,AI and tech,Freelancing,78,I Tested 30+ AI Detectors. These 7 Stood Out as the Best.,FALSE,0.0876868198,6450,158,0,38,12,https://medium.com/freelancers-hub/best-ai-detectors-2025-35a58eac86c5,97,Fairly Easy
AI content detection tools,AI and tech,Academic integrity,108,Evaluating the efficacy of AI content detection tools in differentiating between human and AI-generated text,FALSE,0.4664255907,5422,67,56,16687,18,https://edintegrity.biomedcentral.com/articles/10.1007/s40979-023-00140-5,74,Hard
AI content detection tools,AI and tech,Ai and tech,36,9 Best AI Content Detectors Reviewed,FALSE,0.2912194186,3081,26,11,20,8,https://surferseo.com/blog/best-ai-content-detection-tools/,53,Normal
How to create a content marketing strategy,AI and tech,Business and marketing,42,How To Create a Content Marketing Strategy,TRUE,1,5934,49,49,1459,18,https://optinmonster.com/how-to-create-a-successful-content-marketing-strategy-in-8-simple-steps/,53,Normal
How to create a content marketing strategy,Business and marketing,Journalism,52,The 9 Steps to Building a Content Marketing Strategy,FALSE,0.4502681447,3354,28,15,39,14,https://nytlicensing.com/latest/methods/6-steps-building-content-marketing-strategy/,43,Fairly Hard
How to create a content marketing strategy,Business and marketing,Business and marketing,55,8 Steps to a Lead-Generating Content Marketing Strategy,FALSE,0.4502681447,2206,30,1,394,5,https://www.wordstream.com/blog/ws/2021/07/13/content-marketing-strategy,69,Fairly Easy
How to create a content marketing strategy,Business and marketing,Business and marketing,45,How to Develop a Content Strategy in 13 Steps,TRUE,0.4112070551,5489,21,8,862,56,https://terakeet.com/blog/content-strategy/,38,Normal
How to create a content marketing strategy,Business and marketing,Business and marketing,46,How to Build a Small Business Content Strategy,TRUE,0.4502681447,2100,16,2,25,,https://www.uschamber.com/co/grow/marketing/develop-small-business-content-strategy,55,Normal
How to create a content marketing strategy,Business and marketing,Business and marketing,45,The Complete Content Marketing Guide For 2025,FALSE,0.1844319166,6247,47,3,839,13,https://copyblogger.com/content-marketing/,44,Normal
Brand positioning examples,Business and marketing,Business and marketing,26,Brand Positioning Examples,FALSE,1,2142,4,1,1,10,https://allegrow.com/brand-positioning-examples/,26,Hard
Brand positioning examples,Business and marketing,Business and marketing,69,"What is positioning? Market, product, and brand positioning explained",TRUE,0.3665294775,3862,24,7,580,12,https://www.productmarketingalliance.com/your-guide-to-positioning/,41,Fairly Hard
Brand positioning examples,Business and marketing,Business and marketing,53,15 Examples Of Good Brand Positioning & Why They Work,TRUE,0.4494364165,3317,50,22,0,13,https://www.hatchwise.com/resources/examples-of-brand-positioning-and-why-they-work,48,Normal
Brand positioning examples,Business and marketing,Business and marketing,71,"What Is Brand Positioning? Definition, Example, and Why It Is Important",TRUE,0.2059238899,1848,20,11,0,31,https://www.shopify.com/in/blog/brand-positioning,90,Normal
What is product-led growth,Business and marketing,Business and marketing,27,What is product-led growth?,TRUE,1,4073,40,10,876,1,https://www.productled.org/foundations/what-is-product-led-growth,35,Normal
What is product-led growth,Business and marketing,Business and marketing,73,"Product-Led Growth (PLG): A definition, examples, and why it's taking off",TRUE,0,4257,28,4,586,2,https://productled.com/blog/product-led-growth-definition,37,Fairly Easy
What is product-led growth,Business and marketing,User enablement for business and IT teams,18,Product-led growth,FALSE,0.656972921,1208,13,0,56,8,https://www.pendo.io/glossary/product-led-growth/,50,Normal
What is product-led growth,Business and marketing,Business and marketing,57,"What Is Product-Led Growth? Strategy, Metrics, & Examples",TRUE,0.6764792401,2411,1,0,175,9,https://amplitude.com/blog/product-led-growth,53,Fairly Hard
What is product-led growth,Business and marketing,Business and marketing,18,Product-Led Growth,FALSE,0.656972921,723,8,3,14,10,https://www.productplan.com/glossary/product-led-growth/,58,Fairly Hard
What is product-led growth,Business and marketing,Business and marketing,27,What is product-led growth?,TRUE,1,3166,4,19,5,4,https://www.aha.io/roadmapping/guide/what-is-product-led-growth,48,Normal
What is product-led growth,Business and marketing,Business and marketing,66,Learn the difference between demand generation and lead generation,FALSE,0,1652,0,5,6,5,https://business.adobe.com/blog/basics/demand-generation-versus-lead-generation,100,Hard
demand generation vs lead generation,Business and marketing,Business and marketing,57,Everything You Need to Know About Demand Gen vs. Lead Gen,FALSE,0.1904842771,1061,41,2,75,3,https://blog.hubspot.com/sales/lead-generation-vs-demand-generation,78,Normal
demand generation vs lead generation,Business and marketing,Business and marketing,82,Understand Your Buyer's Journey: When to Use Demand Generation vs. Lead Generation,TRUE,0.5797386715,1790,26,3,9,4,https://mailchimp.com/resources/demand-generation-vs-lead-generation/,79,Fairly Hard
demand generation vs lead generation,Business and marketing,Business and marketing,54,Demand Generation vs Lead Generation – Key Differences,FALSE,0.7995189954,2152,9,6,1,8,https://www.on24.com/blog/demand-generation-vs-lead-generation-key-differences/,47,Fairly Hard
demand generation vs lead generation,Business and marketing,Team collaboration,65,Demand generation vs lead generation: Everything you need to know,FALSE,0.6440294966,1672,67,3,2,18,https://lucidspark.com/blog/demand-generation-vs-lead-generation,53,
Sales funnel stages explained,Business and marketing,Business and marketing,59,What is a Sales Funnel and How to Build an Effective Funnel,TRUE,0.2696367724,6904,15,2,266,1,https://www.salesforce.com/in/blog/sales-funnel/,83,Normal
Sales funnel stages explained,Business and marketing,Business and marketing,0,"Sales funnels: definition, process, stages, template and examples",FALSE,0.2202881506,0,0,0,0,5,http://pipedrive.com/en/blog/sales-funnel,58,
Sales funnel stages explained,Business and marketing,Business and marketing,63,"What is a marketing funnel? How they work, stages, and examples",TRUE,0.1943143402,1961,4,28,6594,13,https://advertising.amazon.com/library/guides/marketing-funnel,100,Fairly Hard
Sales funnel stages explained,Business and marketing,Business and marketing,62,How to optimize your marketing funnel for the customer journey,TRUE,0.0876868198,2978,12,5,231,30,https://www.hotjar.com/marketing-funnel/,56,Normal
Sales funnel stages explained,Business and marketing,Business and marketing,49,The Sales Funnel Defined With Stages and Examples,FALSE,0.3748077701,1939,13,0,4,31,https://www.salesloft.com/resources/blog/sales-funnel-definition,45,Fairly Hard
Account-based marketing strategy,Business and marketing,Business and marketing,76,8 Steps to Build Your Account Based Marketing Strategy [+ Recommended Tools],FALSE,0.5023287782,5882,53,12,2456,4,https://blog.hubspot.com/marketing/account-based-marketing-guide,78,Normal
Account-based marketing strategy,Business and marketing,Business and marketing,43,Your guide to account-based marketing (ABM),FALSE,0.4073526043,2646,3,7,1193,1,https://business.adobe.com/blog/basics/account-based-marketing,100,Fairly Hard
Account-based marketing strategy,Business and marketing,Business and marketing,23,Account-based marketing,FALSE,0.7765145305,1824,12,3,366,2,https://www.optimizely.com/optimization-glossary/account-based-marketing/,56,Fairly Hard
Account-based marketing strategy,Business and marketing,Business and marketing,68,7 Effective Account-Based Marketing (ABM) Tactics to Boost B2B Sales,FALSE,0.3278707472,2392,10,4,67,16,https://www.vidyard.com/blog/account-based-marketing-tactics/,49,Normal
Account-based marketing strategy,Business and marketing,Business and marketing,59,What is Account Based Marketing (ABM)? 2025 Strategic Guide,TRUE,0.348993908,4183,22,13,57,14,https://www.cognism.com/blog/account-based-marketing,51,Normal
Account-based marketing strategy,Business and marketing,Business and marketing,65,The Complete Guide to Starting with Account-Based Marketing (ABM),FALSE,0.3278707472,7787,45,9,82,73,https://xgrowth.com.au/account-based-marketing/,29,Fairly Easy
Low-cost marketing ideas for startups,Business and marketing,Business and marketing,40,20 Low Cost Marketing Ideas for Startups,FALSE,0.867363685,4594,44,82,57,1,https://www.digitalocean.com/resources/articles/marketing-ideas-for-startups,70,Fairly Hard
Low-cost marketing ideas for startups,Business and marketing,Business and marketing,53,27 Free & Low-Budget Marketing Ideas for Any Business,FALSE,0.380816533,3919,32,7,1402,3,https://www.wordstream.com/blog/ws/2020/12/09/free-and-low-budget-marketing-ideas,69,Normal
Low-cost marketing ideas for startups,Business and marketing,Business and marketing,193,"31 Ways to Market Your Business on a Budget Using these 31 low-cost marketing ideas, you can take your business to the next level. Plus, marketing and advertising advice from industry veterans.",TRUE,0.2032223558,3676,31,2,310,6,https://www.entrepreneur.com/growing-a-business/no-money-no-problem-30-low-budget-marketing-ideas-for/327097,66,Normal
Low-cost marketing ideas for startups,Business and marketing,Business and marketing,53,9 inexpensive marketing ideas for your small business,FALSE,0.3041257419,1333,11,1,14,2,https://www.freeagent.com/guides/small-business/marketing-ideas/,50,Fairly Easy
best credit cards for travel,Finance and investing,Finance and investing,0,Best Travel Credit Cards of May 2025,FALSE,0.5193879933,0,0,0,669,6,https://money.usnews.com/credit-cards/travel,92,
best credit cards for travel,Finance and investing,Finance and investing,0,Travel rewards 101,FALSE,0.150640185,2563,27,1,52,14,https://moneywithkatie.com/travel-credit-cards,38,Fairly Easy
best credit cards for travel,Finance and investing,Finance and investing,50,The best travel credit cards to add to your wallet,FALSE,0.3677199805,5090,9,1,93,5,https://thepointsguy.com/credit-cards/best-travel-credit-cards/,68,Fairly Easy
ETFs vs mutual funds,Finance and investing,Finance and investing,21,ETFs vs. mutual funds,FALSE,1,1894,16,31,1005,1,https://www.schwab.com/etfs/mutual-funds-vs-etfs,76,Normal
ETFs vs mutual funds,Finance and investing,Finance and investing,0,ETFs vs. mutual funds: A comparison,TRUE,0.8181802074,0,0,0,755,2,https://investor.vanguard.com/investor-resources-education/etfs/etf-vs-mutual-fund,73,
ETFs vs mutual funds,Finance and investing,Finance and investing,43,ETF vs. mutual fund: What’s the difference?,TRUE,0.2379030946,1853,9,4,8,3,https://www.usbank.com/investing/financial-perspectives/investing-insights/etfs-vs-mutual-fund.html,75,Normal
ETFs vs mutual funds,Finance and investing,Finance and investing,43,Mutual Fund vs. ETF: What's the Difference?,TRUE,0.2379030946,3698,34,12,975,11,https://www.investopedia.com/articles/exchangetradedfunds/08/etf-mutual-fund-difference.asp,96,Fairly Easy
ETFs vs mutual funds,Finance and investing,Finance and investing,66,Mutual Funds vs. ETFs: Which is best for your investment strategy?,TRUE,0.4736820225,2995,1,1,13,5,https://www.troweprice.com/personal-investing/resources/insights/mutual-funds-vs-etfs-which-best-for-your-investment-strategy.html,60,Normal
Benefits of intermittent fasting,Health and wellness,Health and wellness,0,"Intermittent Fasting: What is it, and how does it work?",TRUE,0.1757860784,0,0,0,29874,1,https://www.hopkinsmedicine.org/health/wellness-and-prevention/intermittent-fasting-what-is-it-and-how-does-it-work,94,Can't crawl
Benefits of intermittent fasting,Health and wellness,Health and wellness,61,What Is Intermittent Fasting and How Does It Affect the Body?,TRUE,0.1843555419,3246,77,12,3438,2,https://www.healthline.com/nutrition/10-health-benefits-of-intermittent-fasting,100,Fairly Hard
Benefits of intermittent fasting,Health and wellness,Health and wellness,33,A guide to eating a balanced diet,FALSE,0,1644,37,4,1738,6,https://www.medicalnewstoday.com/articles/324093,100,Normal
Benefits of intermittent fasting,Health and wellness,Health and wellness,64,Intermittent Fasting Explained: Benefits and How To Do It Safely,TRUE,0.3278707472,1936,12,0,1239,12,https://health.clevelandclinic.org/intermittent-fasting-4-different-types-explained,100,Normal
How to improve sleep quality,Health and wellness,Health and wellness,43,Top 15 Proven Tips to Sleep Better at Night,FALSE,0.1785662156,3599,91,17,15136,2,https://www.healthline.com/nutrition/17-tips-to-sleep-better,100,Fairly Easy
How to improve sleep quality,Health and wellness,Health and wellness,31,20 Tips for How to Sleep Better,TRUE,0.344642141,3130,24,11,7369,8,https://www.sleepfoundation.org/sleep-hygiene/healthy-sleep-tips,75,Fairly Easy
How to improve sleep quality,Health and wellness,Health and wellness,42,Try these 13 tips to help you sleep better,FALSE,0.1785662156,756,18,0,139,4,https://health.ucdavis.edu/news/headlines/try-these-13-tips-to-help-you-sleep-better/2023/07,78,Easy
Importance of hydration,Health and wellness,Health and wellness,27,The importance of hydration,FALSE,0.7765145305,394,10,1,124,2,https://hsph.harvard.edu/news/the-importance-of-hydration/,92,Fairly Easy
Importance of hydration,Health and wellness,Health and wellness,4,10 Reasons Why Hydration is Important,TRUE,0.1362763414,1527,29,2,656,3,https://www.ncoa.org/article/10-reasons-why-hydration-is-important/,60,Normal
Importance of hydration,Health and wellness,Health and wellness,59,Why it’s important for you to drink water and stay hydrated,TRUE,0,843,11,1,814,1,https://health.ucdavis.edu/blog/good-food/why-its-important-for-you-to-drink-water-and-stay-hydrated/2022/07,78,Normal
Importance of hydration,Health and wellness,Health and wellness,0,Sports and Hydration for Athletes: Q&A with a Dietitian,FALSE,0.125366938,0,0,0,911,6,https://www.hopkinsmedicine.org/health/wellness-and-prevention/nutrition-and-fitness/sports-and-hydration-for-athletes,94,Can't crawl
HIIT workout plan,Health and wellness,Health and wellness,72,"HIIT Workout Plan: Beginner, Intermediate, and Advanced Exercises to Try",TRUE,0.4222338853,1386,5,6,2,1,https://hydrow.com/blog/hiit-workout-plan-beginner-intermediate-and-advanced-exercises-to-try/,48,Easy
HIIT workout plan,Health and wellness,Health and wellness,28,Four 20-Minute HIIT Workouts,FALSE,0.150640185,2472,12,6,26,4,https://www.puregym.com/blog/four-20-minute-hiit-workouts/,64,Very Easy
HIIT workout plan,Health and wellness,Health and wellness,35,28 Best HIIT Workouts for Beginners,FALSE,0.1362763414,1639,6,28,18,12,https://hydrow.com/blog/28-best-hiit-workouts-for-beginners/,48,Very Easy
HIIT workout plan,Health and wellness,Health and wellness,51,"HIIT Workouts: Programming, Exercises, and Benefits",TRUE,0.1362763414,2373,6,4,132,16,https://blog.nasm.org/hiit-workout-plan,59,Normal
Holistic health approach,Health and wellness,Health and wellness,53,What Is Holistic Health? Overview and Career Outcomes,TRUE,0.2695176132,1580,22,1,915,1,https://www.stkate.edu/healthcare-degrees/what-is-holistic-health,49,Hard
Holistic health approach,Health and wellness,Health and wellness,0,"What Is Holistic Health Care, Anyway?",TRUE,0,0,0,0,623,6,https://www.dignityhealth.org/articles/what-is-holistic-health-care-anyway,66,Can't crawl
Holistic health approach,Health and wellness,Health and wellness,56,Holistic Health: A Guide to Better Health and Well-Being,TRUE,0.3665294775,2251,27,9,194,3,https://www.health.com/holistic-health-8652522,79,Hard
How to reduce plastic waste,Environment and sustainability,Environment and sustainability,39,What You Can Do to Reduce Plastic Waste,TRUE,0.4743307065,768,12,5,209,1,https://www.epa.gov/plastics/what-you-can-do-reduce-plastic-waste,82,Fairly Easy
How to reduce plastic waste,Environment and sustainability,Environment and sustainability,0,10 Ways to Reduce Plastic Pollution,FALSE,0.3808726085,0,0,0,1639,2,https://www.nrdc.org/stories/10-ways-reduce-plastic-pollution,64,Can't crawl
How to reduce plastic waste,Environment and sustainability,Environment and sustainability,23,Reduce Your Plastic Use,FALSE,0.2912194186,2195,14,10,28,6,https://ecocycle.org/eco-living/refuse-and-reduce/how-to-reduce-plastic/,39,Easy
Renewable energy vs fossil fuels,Environment and sustainability,Environment and sustainability,50,Setting the Record Straight About Renewable Energy,FALSE,0.2061369661,2660,59,7,593,1,https://www.wri.org/insights/setting-record-straight-about-renewable-energy,53,Fairly Hard
Renewable energy vs fossil fuels,Environment and sustainability,Environment and sustainability,51,Renewable Energy vs Fossil Fuels: 5 Essential Facts,FALSE,0.747407354,914,8,2,35,4,https://amigoenergy.com/blog/renewable-energy-vs-fossil-fuels/,41,Normal
Renewable energy vs fossil fuels,Environment and sustainability,Environment and sustainability,52,The battle between renewable energy and fossil fuels,FALSE,0.4743307065,708,3,2,144,2,https://www.hiveenergy.co.uk/2022/05/17/renewable-energy-vs-fossil-fuels/,25,Normal
Renewable energy vs fossil fuels,Environment and sustainability,Environment and sustainability,59,Renewable Green Energy vs Fossil Fuels: How do They Differ?,TRUE,0.5797386715,2023,7,0,29,12,https://www.inspirecleanenergy.com/blog/clean-energy-101/renewable-energy-vs-fossil-fuels,46,Can't crawl
Green tech innovations,Environment and sustainability,Tech and IT,55,2024’s Breakthroughs in GreenTech: Innovations to Watch,FALSE,0.125366938,1908,25,7,12,3,https://www.axon.dev/blog/breakthroughs-in-greentech-innovations-to-watch,27,Hard
Green tech innovations,Environment and sustainability,Tech and IT,22,Green Tech Innovations,FALSE,1,434,14,5,5,14,https://its.fsu.edu/article/green-tech-innovations,71,Hard
Green tech innovations,Environment and sustainability,Finance and investing,63,"What Is Green Tech? How It Works, Types, Adoption, and Examples",TRUE,0.2255548722,3232,42,12,1362,5,https://www.investopedia.com/terms/g/green_tech.asp,96,Fairly Hard
Composting at home guide,Environment and sustainability,Environment and sustainability,18,Composting At Home,FALSE,0.7765145305,2895,18,17,19608,1,https://www.epa.gov/recycle/composting-home,82,Fairly Easy
Composting at home guide,Environment and sustainability,Environment and sustainability,0,Composting 101,FALSE,0.2202881506,0,0,0,4160,2,https://www.nrdc.org/stories/composting-101,64,Can't crawl
Composting at home guide,Environment and sustainability,Environment and sustainability,0,How to Make Compost: A Guide to Composting at Home,TRUE,0.4736820225,0,0,0,64,38,https://www.almanac.com/how-to-make-compost,76,Can't crawl
Composting at home guide,Environment and sustainability,Environment and sustainability,10,Composting guide,FALSE,0.3799783616,2975,6,14,1281,21,https://learn.eartheasy.com/guides/composting/,48,Fairly Easy
Electric cars vs hybrid cars,Cars and driving,Cars and driving,47,Electric vs. Hybrid Cars: Pros and Cons of Each,FALSE,0.5073159272,1043,13,3,165,1,https://www.caranddriver.com/features/a60300121/electric-vs-hybrid-cars-pros-and-cons/,87,Normal
Electric cars vs hybrid cars,Cars and driving,Cars and driving,0,Electrive vs. Hybrid cars,FALSE,0,0,0,0,252,5,https://www.kbb.com/car-advice/hybrid-vs-electric-why-hybrids-make-more-sense/,86,Can't crawl
How climate change affects health,Environment and sustainability,Environment and sustainability,14,Climate change,FALSE,0.5023287782,2106,8,4,69891,2,https://www.who.int/news-room/fact-sheets/detail/climate-change-and-health,95,Normal
How climate change affects health,Environment and sustainability,Environment and sustainability,6,Climate Impacts on Human Health,FALSE,0,4190,24,85,904,3,https://climatechange.chicago.gov/climate-impacts/climate-impacts-human-health,66,Normal
How climate change affects health,Environment and sustainability,Environment and sustainability,35,Effects of Climate Change on Health,FALSE,0.3808726085,605,18,26,1198,1,https://www.cdc.gov/climate-health/php/effects/index.html,99,Normal
Best remote work destinations,Travel and lifestyle/remote work,Travel and lifestyle,91,I've Been a Digital Nomad for 7 Years—These Are My 5 Favorite Destinations to Work Remotely,TRUE,0.1617137807,1221,35,30,85,5,https://www.travelandleisure.com/remote-work-destinations-digital-nomad-11683494,76,Fairly Easy
Best remote work destinations,Travel and lifestyle/remote work,Remote work,0,The best destinations for remote work,FALSE,0.7092972666,5285,4,3,168,1,https://remote.com/resources/research/best-destinations-for-remote-work,55,Normal
Best remote work destinations,Travel and lifestyle/remote work,IT asset management,32,Top 10 Countries for Remote Work,FALSE,0.2605556711,3423,42,1,51,2,https://www.goworkwize.com/blog/best-countries-for-remote-work,35,Normal
Best remote work destinations,Travel and lifestyle/remote work,Insurance,0,10 best cities for a working vacation in 2023,FALSE,0,0,0,0,1,60,https://www.thezebra.com/resources/research/best-us-cities-for-working-vacations,60,Can't crawl
Cheapest countries to travel in 2025,Travel and lifestyle,"Energy, tech, and global economy",58,The Cheapest and Most Expensive Countries to Visit in 2025,TRUE,0.4908342121,869,29,10,68,3,https://www.visualcapitalist.com/the-cheapest-and-most-expensive-countries-to-visit-in-2025/,67,Easy
Cheapest countries to travel in 2026,Travel and lifestyle,Travel and lifestyle,61,"The world’s cheapest countries to travel to in 2025, revealed",FALSE,0.5697077091,1055,15,4,42,2,https://www.timeout.com/news/the-worlds-cheapest-countries-to-travel-to-in-2025-revealed-031225,84,Easy
Travel insurance explained,Travel and lifestyle/ insurance,Travel insurance,48,Travel Insurance 101: How Travel Insurance Works,TRUE,0.5376010877,1916,8,8,222,2,https://www.allianztravelinsurance.com/travel/planning/how-travel-insurance-works.htm,55,Fairly Hard
Travel insurance explained,Travel and lifestyle/ insurance,Finance and insurance,48,What is travel insurance and what does it cover?,TRUE,0.2255548722,2012,20,2,517,1,https://www.nationwide.com/lc/resources/home/articles/what-is-travel-insurance,69,Normal
Travel insurance explained,Travel and lifestyle/ insurance,Finance and investing,49,"What Is Travel Insurance, and What Does It Cover?",TRUE,0.2255548722,2766,25,14,1028,7,https://www.investopedia.com/terms/t/travel-insurance.asp,96,Fairly Hard
Digital nomad visa countries,Travel and lifestyle,Business and marketing,74,66 Countries With Digital Nomad Visas—And How to Apply to the Top Programs,TRUE,0.2511457324,1517,32,1,233,7,https://www.cntraveler.com/gallery/countries-with-digital-nomad-visas,76,Normal
Digital nomad visa countries,Travel and lifestyle,Travel and lifestyle,83,Countries Offering Visas for Digital Nomads – Requirements and Eligibility Criteria,TRUE,0.1943143402,1301,4,44,6356,4,https://visaguide.world/digital-nomad-visa/,50,Normal
Digital nomad visa countries,Travel and lifestyle,Travel and lifestyle,0,46 Best Digital Nomad Visas for 2025,TRUE,0.2379030946,0,0,0,46,15,https://www.outsite.co/blog/best-visas-for-digital-nomads,33,Can't crawl
Digital nomad visa countries,Travel and lifestyle,Remote/global hiring,51,10 Countries That Offer Digital Nomad Visas in 2025,TRUE,0.348993908,1826,4,56,0,18,https://www.skuad.io/blog/countries-that-offer-a-digital-nomad-visa-to-remote-workers,38,Fairly Hard
What to pack for Europe in summer,Travel and lifestyle,Travel and lifestyle,0,What I’d Pack for a European Summer Vacation,TRUE,0.4502681447,1397,26,1,36,6,https://alysonhaley.com/2023/07/what-id-pack-for-a-european-summer-vacation.html,29,Fairly Easy
What to pack for Europe in summer,Travel and lifestyle,Travel and lifestyle,42,Traverse Journeys - Travel That Transforms,FALSE,0,3821,29,7,0,37,https://traversejourneys.com/blog/what-to-pack-for-a-trip-to-europe,26,Fairly Easy
What to pack for Europe in summer,Travel and lifestyle,Fashion and lifestyle,0,The Complete Guide to Packing the Perfect Outfits for Europe This,TRUE,0.1904842771,0,0,0,12,16,https://www.lulus.com/blog/fashion/outfits-for-europe-summer/,66,Can't crawl
Sustainable travel options,Travel and lifestyle,Academic resources/ communications,23,Sustainable Travel Tips,FALSE,0.5031026124,1008,9,3,114,2,https://your.yale.edu/work-yale/campus-services/travel/sustainable-travel-tips,77,Fairly Easy
Sustainable travel options,Travel and lifestyle,Business and marketing,42,What are my sustainable transport options?,TRUE,0.3187840218,1483,28,0,40,8,https://www.actionnetzero.org/guides-and-tools/sustainable-travel-options-transport-hierarchy/,22,Fairly Easy
Sustainable travel options,Travel and lifestyle,Sustainability,44,How To Make Business Travel More Sustainable,TRUE,0.2910691024,2868,20,1,18,11,https://sustainabletravel.org/how-to-make-business-travel-more-sustainable/,43,Normal
"How to plan a road trip
",Travel and lifestyle,Travel and lifestyle,44,How to Plan a Road Trip From Start to Finish,TRUE,0.7190400935,2564,80,1,351,6,https://www.cntraveler.com/story/everything-you-need-to-plan-a-stress-free-road-trip,76,Normal
"How to plan a road trip
",Travel and lifestyle,Travel and lifestyle,57,How to Plan a Road Trip: Your Ultimate Step-by-Step Guide,TRUE,0.4902590217,7141,86,27,16,26,https://thestokefam.com/how-to-plan-a-road-trip/,25,Easy
"How to plan a road trip
",Travel and lifestyle,Travel and lifestyle,43,How to Plan a Road Trip: Tips and Itinerary,TRUE,0.6764792401,987,14,2,86355,66,https://mytravaly.com/blog/blog-read/?t=How+to+Plan+a+Road+Trip%3A+Tips+and+Itinerary,38,Normal
Airbnb vs hotel for long stays,Travel and lifestyle,Hospitality,60,"Airbnb vs Hotel: Key Differences, Benefits, & Considerations",FALSE,0.3041257419,2140,24,0,0,7,https://www.shms.com/en/news/airbnb-vs-hotel/,36,Hard
Airbnb vs hotel for long stays,Travel and lifestyle,Travel and lifestyle,40,Airbnb vs. hotel: 10 factors to consider,FALSE,0.3041257419,10922,27,0,24,13,https://www.pacaso.com/blog/airbnb-vs-hotel,43,Normal
Airbnb vs hotel for long stays,Travel and lifestyle,Finance and insurance,44,Are Airbnbs More Cost-Effective Than Hotels?,TRUE,0,2757,24,1,302,10,https://www.nerdwallet.com/article/travel/are-airbnbs-more-cost-effective-than-hotels,85,Normal
Airbnb vs hotel for long stays,Travel and lifestyle,Lifestyle,73,Should You Choose an Airbnb or Hotel? 9 Things To Consider Before Booking,FALSE,0.1362763414,3238,23,7,0,11,https://ourlittlelifestyle.com/airbnb-or-hotel/,27,Fairly Easy
How to homeschool a child,Parenting and education,Parenting and education,36,How To Start Homeschooling Right Now,TRUE,0.2605556711,1053,6,11,49,6,https://myhomeschool.com/homeschooling/,29,Normal
How to homeschool a child,Parenting and education,Parenting and education,46,A Homeschooling Guide for Parents and Students,TRUE,0,1733,20,9,714,3,https://www.parents.com/kids/education/home-schooling/homeschooling-101-what-is-homeschooling/,75,Fairly Hard
How to homeschool a child,Parenting and education,Parenting and education,0,Homeschooling 101,FALSE,0,0,0,0,15,16,https://washhomeschool.org/get-started/homeschooling-101,31,Can't crawl
How to homeschool a child,Parenting and education,Parenting and education,0,How to Begin Homeschooling: Guidance & Requirements,TRUE,0.2605556711,0,0,0,0,8,http://highspeedtraining.co.uk/hub/how-to-begin-homeschooling/,50,Can't crawl
gentle parenting techniques,Parenting and education,Parenting and education,38,A Beginner's Guide to Gentle Parenting,TRUE,0.3563004293,1688,19,0,168,1,https://www.guidepostmontessori.com/blog/beginners-guide-gentle-parenting,39,Normal
gentle parenting techniques,Parenting and education,Psychology,55,Unleashing the Power of Gentle Parenting (& 3 Examples),TRUE,0.2910691024,4177,14,15,87,2,https://positivepsychology.com/gentle-parenting/,67,Fairly Hard
gentle parenting techniques,Parenting and education,Parenting and motherhood,49,What Is Gentle Parenting—and Is It Right for You?,TRUE,0.2150703257,2600,46,0,7,5,https://www.thebump.com/a/gentle-parenting,80,Normal
gentle parenting techniques,Parenting and education,Mental health,61,"Gentle Parenting: Definition, Techniques, & Tips for Practice",TRUE,0.5245910904,3147,23,55,31,13,https://www.choosingtherapy.com/gentle-parenting/,60,Hard
How to help kids with anxiety,Parenting and education,Parenting and education,67,When Your Child's Anxiety Is Worth Worrying About — and How to Help,TRUE,0.3187840218,2520,6,2,26,4,https://www.chop.edu/news/health-tip/when-your-childs-anxiety-worth-worrying-about-and-how-help,71,Fairly Easy
How to help kids with anxiety,Parenting and education,Parenting and education,54,Help Your Child Manage Anxiety: Tips for Home & School,FALSE,0.1597642092,1255,14,13,161,5,https://www.healthychildren.org/English/family-life/family-dynamics/Pages/help-your-child-manage-fears-and-anxieties.aspx,73,Fairly Easy
How to help kids with anxiety,Parenting and education,Parenting and education,7,What is Anxiety,TRUE,0.3032160645,3819,32,11,490,7,https://www.youngminds.org.uk/parent/parents-a-z-mental-health-guide/anxiety/,51,Fairly Easy
Montessori vs traditional schooling,Parenting and education,Parenting and education,69,Comparing Montessori and Traditional Education: A Comprehensive Guide,FALSE,0.2379030946,1806,8,8,0,1,https://soeonline.american.edu/blog/montessori-vs-traditional-education/,62,Very Hard
Montessori vs traditional schooling,Parenting and education,Parenting and education,0,How Montessori Schools Are Different from Traditional Schools,TRUE,0,0,0,0,44,2,https://silverlinemontessori.com/how-montessori-schools-are-different-from-traditional-schools/,25,Can't crawl
Montessori vs traditional schooling,Parenting and education,Parenting and education,64,Ten BIG Differences between Montessori and Traditional Education,FALSE,0.2202881506,1395,190,2,39,11,https://aimmontessoriteachertraining.org/differences-montessori-traditional-education/,32,Fairly Hard
Apps to teach kids to read,Parenting and education,Parenting and education,43,The Best Reading Apps for 4- to 8-Year-Olds,FALSE,0.2438566447,1042,71,14,131,11,https://www.readbrightly.com/best-reading-apps-for-4-8-year-olds/,50,Fairly Easy
Apps to teach kids to read,Parenting and education,Parenting and education,40,Best Apps for helping your child to read,FALSE,0.3533721545,582,8,3,0,42,https://schooldays.ie/articles/article/best-apps-for-helping-your-child-to-read/,39,Normal
Positive discipline examples,Parenting and education,Parenting and education,35,How to Practice Positive Discipline,TRUE,0.3563004293,1212,34,8,2,2,https://www.allforkids.org/news/blog/what-is-positive-discipline/,38,Fairly Hard
Positive discipline examples,Parenting and education,Parenting and education,80,What Is Positive Discipline? 5 Ways to Nurture Well-Behaved & Confident Children,TRUE,0.2255548722,1992,22,5,17,5,https://americanspcc.org/what-is-positive-discipline/,45,Fairly Hard
Positive discipline examples,Parenting and education,Parenting and education,59,How Positive Reinforcement Encourages Good Behavior in Kids,TRUE,0.1167177355,1858,23,11,1001,23,https://www.parents.com/positive-reinforcement-examples-8619283,75,Normal
How to manage screen time,Parenting and education,Mental health,56,Tips on Managing Your Screen Time for Good Mental Health,FALSE,0.1683684216,1177,11,1,118,1,https://namica.org/blog/tips-on-managing-your-screen-time-for-good-mental-health/,35,Easy
How to manage screen time,Parenting and education,Health and wellness,17,Children's health,FALSE,0,1734,79,5,3143,2,https://www.mayoclinic.org/healthy-lifestyle/childrens-health/in-depth/screen-time/art-20047952,100,Fairly Easy
How to manage screen time,Parenting and education,Health and wellness,39,8 Tips to Reduce Screen Time for Adults,FALSE,0.344642141,1021,15,1,256,7,https://www.scripps.org/news_items/6310-8-tips-to-reduce-screen-time-for-adults,61,Easy
Parenting tips for working moms,Parenting and education,Parenting and education,62,The Secrets to Being a Working Mom (Without Totally Losing It),FALSE,0.07734781234,1340,31,1,6,2,https://www.psychedmommy.com/blog/working-mom,28,Fairly Easy
Parenting tips for working moms,Parenting and education,Parenting and education,45,Staying Sane as a Working Parent: 10 Top Tips,TRUE,0.1908740661,2451,10,4,1,4,https://annahardy.co.uk/staying-sane-as-a-working-parent-10-top-tips/,26,Fairly Easy
Parenting tips for working moms,Parenting and education,Mental health,45,Thriving as a Working Mom: Secrets to Success,FALSE,0.09349477498,3616,15,3,30,13,https://www.talkspace.com/blog/working-mom-tips/,64,Fairly Easy
Parenting tips for working moms,Parenting and education,Parenting and education,56,Mom Guilt: Everything you Need to Know and How to Manage,TRUE,0,7818,33,105,0,1000,https://invidyo.com/blog/en/mom-guilt-how-to-manage-it,29,Easy
Music theory basics,Music,Music,53,Basic Music Theory for Beginners – The Complete Guide,FALSE,0.2695176132,3278,28,4,160,1,https://www.iconcollective.edu/basic-music-theory,42,Fairly Easy
Music theory basics,Music,Music,60,What is Music Theory? The Basics Every Beginner Should Learn,TRUE,0.4222338853,4429,11,2,2086,5,https://www.tonegym.co/blog/item?id=music-theory-basics,37,Fairly Easy
Music theory basics,Music,Music,0,Music Theory: Basics and Fundamental Concepts,FALSE,0.5797386715,0,0,0,69,3,https://www.avid.com/resource-center/music-theory,60,Can't crawl
Interior design trends 2025,Interior design,Interior design,59,20 Interior Design Trends 2025: Must-Have Looks You’ll Love,FALSE,0.4736820225,2526,14,8,653,2,https://www.decorilla.com/online-decorating/interior-design-trends-2025/,44,Fairly Hard
Interior design trends 2025,Interior design,Interior design,66,These 8 Interior Design Trends Are Poised to Be Everywhere in 2025,TRUE,0.4736820225,1541,19,4,202,5,https://www.elledecor.com/design-decorate/trends/a63094900/interior-design-trends-2025/,72,Normal
Interior design trends 2025,Interior design,Interior design,50,The Home Design Trends That Are In or Out for 2025,TRUE,0.3101705772,1928,41,4,40,3,https://www.bhg.com/home-ins-outs-for-2025-11684268,79,Normal
Interior design trends 2025,Interior design,Interior design,79,"The 9 Top Interior Design Trends of 2025 All Have a Dramatic, Immersive Quality",FALSE,0.4494364165,1212,23,4,135,13,https://www.housebeautiful.com/design-inspiration/a63147733/stylish-interior-design-trends-2025/,75,Normal
Watercolor painting tips,Art and painting,Art and painting,31,7 Watercolor Tips for Beginners,FALSE,0.4112070551,1639,27,9,116,2,https://www.strathmoreartist.com/blog-reader/id-7-watercolor-tips-for-beginners,40,Fairly Easy
Watercolor painting tips,Art and painting,Art and painting,55,16 Watercolour Tips and Tricks to make Your Life Easier,FALSE,0.1037155113,3000,31,2,0,3,https://www.louisedemasi.com/tips/2024/3/20/watercolour-tips-to-make-your-life-easier,32,Fairly Easy
Watercolor painting tips,Art and painting,Art and painting,0,Watercolor Tips for Beginners​,FALSE,0.4112070551,1830,5,0,47,6,https://www.johnlovett.com/watercolor-tips-for-beginners,36,Easy
Watercolor painting tips,Art and painting,Art and painting,48,Beginner’s Guide to Basic Watercolour Techniques,FALSE,0,3359,15,238,9,10,https://andielafdesigns.com/blogs/learn/beginners-guide-to-basic-watercolour-techniques,13,Easy
Start a podcast from scratch,Video and podcasts,Video and podcasts,55,How to start a podcast: the step-by-step guide in 2025,TRUE,0.1683103093,11390,36,73,146,10,https://www.descript.com/blog/article/how-to-start-a-podcast-a-step-by-step-beginners-guide,60,Normal
Start a podcast from scratch,Video and podcasts,Video and podcasts,66,How to Start a Podcast: Step-by-Step Guide & Free Checklist (2025),TRUE,0.1683103093,9275,33,35,331,1,https://riverside.fm/blog/how-to-start-a-podcast,61,Fairly Easy
How to negotiate a salary,Career and self development,Career and self development,46,How to Negotiate Salary During Your Job Search,TRUE,0.5797386715,1729,7,5,56,9,https://www.roberthalf.com/us/en/insights/career-development/how-to-negotiate-salary-after-getting-job-offer,64,Fairly Hard
How to negotiate a salary,Career and self development,Career and self development,0,How To Negotiate Salary After a Job Offer (With 13 Tips),TRUE,0.5023287782,0,0,0,1010,2,https://www.indeed.com/career-advice/pay-salary/how-to-negotiate-salary,100,Can't crawl
How to negotiate a salary,Career and self development,Career and self development,47,How to Successfully Negotiate a Salary Increase,TRUE,0.7092972666,1643,16,2,44,6,https://professional.dce.harvard.edu/blog/how-to-successfully-negotiate-a-salary-increase/,92,Normal
How to negotiate a salary,Career and self development,Career and self development,0,How to negotiate your salary,TRUE,0.8181802074,0,0,0,1521419,10,https://www.glassdoor.com/blog/guide/how-to-negotiate-your-salary/,80,Can't crawl
Best career paths for introverts,Career and self development,Business and leadership,46,10 Top High-Paying Jobs For Introverts In 2025,FALSE,0.1785662156,3338,13,0,161,2,https://www.forbes.com/sites/carolinecastrillon/2025/03/13/10-top-high-paying-jobs-for-introverts-in-2025/,100,Fairly Hard
Best career paths for introverts,Career and self development,News,0,Best Jobs for Introverts,FALSE,0.5101490193,0,0,0,51,11,https://www.usnews.com/careers/articles/best-jobs-for-introverts,92,Can't crawl
Best career paths for introverts,Career and self development,Career and self development,78,"Best Careers for Introverts, HSPs, Sensitive People: 70+ Jobs with Less Stress",TRUE,0.2496354941,5299,17,46,12,3,https://valnelson.com/introvert-power/best-careers-for-introverts-hsps-and-other-sensitive-souls/,29,Fairly Easy
Best career paths for introverts,Career and self development,Finance and investing,54,28 best jobs for introverts to feel the most fulfilled,FALSE,0.277396229,2706,40,8,165,16,https://www.creditkarma.com/income/i/best-jobs-for-introverts,77,Fairly Hard
Online courses for upskilling,Career and self development,Career and self development,57,Upskilling: What It Means and How It Can Help Your Career,TRUE,0.07644962319,983,19,0,356,1,https://www.coursera.org/articles/upskilling,84,Normal
Online courses for upskilling,Career and self development,Career and self development,0,Top 10 Online Courses to Upskill in Emerging Tech for 2025,FALSE,0.3101705772,0,0,0,4,17,https://research.com/education/top-10-online-courses-to-upskill-in-emerging-tech,57,Can't crawl
Online courses for upskilling,Career and self development,Career and self development,56,What is Upskilling: Why is it Important for Your Career?,TRUE,0.1757860784,3816,17,12,20,50,https://www.nu.edu/blog/what-is-upskilling/,63,Fairly Hard
Time management techniques,Career and self development,Community and education,57,Time Management: 10 Strategies for Better Time Management,FALSE,0.5031026124,2574,7,3,1287,6,https://extension.uga.edu/publications/detail.html?number=C1042&title=time-management-10-strategies-for-better-time-management,72,Normal
Time management techniques,Career and self development,Career and self development,35,8 Time Management Tips for Students,FALSE,0.3563004293,1324,22,2,693,4,https://summer.harvard.edu/blog/8-time-management-tips-for-students/,92,Fairly Easy
Time management techniques,Career and self development,Academics,73,Mastering your schedule: effective time management strategies for success,FALSE,0.2521387069,1698,7,1,140,3,https://lpsonline.sas.upenn.edu/features/mastering-your-schedule-effective-time-management-strategies-success,76,Normal
How to become a freelancer,Career and self development,Career and self development,0,How To Become a Freelancer in 2025: Your Guide to Upwork,TRUE,0.6085506732,0,0,0,626,2,https://www.upwork.com/resources/how-to-become-a-freelancer,75,Can't crawl
How to become a freelancer,Career and self development,Workforce management and productivity,54,How to Start Freelancing in 2025 (Even While Employed),TRUE,0.206083635,4990,51,48,319,7,https://clockify.me/blog/remote-work/start-freelancing-full-time-job/,65,Normal
How to become a freelancer,Career and self development,Business and leadership,53,How To Become A Freelancer With No Experience In 2024,TRUE,0.5368927119,2713,12,0,20,6,https://www.forbes.com/sites/rachelwells/2024/05/31/how-to-become-a-freelancer-with-no-experience/,100,Fairly Easy
Career change after 30,Career and self development,Career and self development,33,How to Change Careers in Your 30s,TRUE,0.1059921314,2706,13,2,4,3,https://extension.harvard.edu/blog/how-to-change-careers-in-your-30s/,92,Fairly Easy
Career change after 30,Career and self development,Business and leadership,40,Changing Careers At 30: Tips For Success,TRUE,0.1059921314,2461,14,0,112,14,https://www.forbes.com/sites/carolinecastrillon/2023/10/08/changing-careers-at-30-tips-for-success/,100,Easy
Career change after 30,Career and self development,Career and self development,56,Making a Career Change at 30: Real-Life Stories & Advice,TRUE,0.348993908,3400,11,0,22,7,https://climbhire.co/career-development/career-change-at-30/,39,Normal
Interview questions and answers,Career and self development,Career and self development,0,Common Interview Questions and How To Answer Them,TRUE,0.3748077701,0,0,0,2452,5,https://www.indeed.com/career-advice/interviewing/top-interview-questions-and-answers,100,Can't crawl
Interview questions and answers,Career and self development,Career and self development,49,26+ Common Interview Questions & Answers for 2025,FALSE,0.4073526043,6563,67,30,64,13,https://resumegenius.com/blog/interview/interview-questions-and-answers,70,Fairly Easy
Interview questions and answers,Career and self development,Finance and investing,45,30 Common Job Interview Questions and Answers,FALSE,0.6348087972,4806,14,4,150,39,https://www.ramseysolutions.com/career-advice/top-interview-questions-and-answers,65,Fairly Easy
Interview questions and answers,Career and self development,Career and self development,45,Top HR Interview Questions and Answers (2025),FALSE,0.6348087972,4943,8,4,2,24,https://www.geeksforgeeks.org/hr-interview-questions/,92,Normal
How to build a personal brand,Career and self development,Career and self development,38,How To Build a Personal Brand: 10 Tips,TRUE,0.747407354,3143,22,1,56,1,https://graduate.northeastern.edu/knowledge-hub/tips-for-building-your-personal-brand/,72,Normal
How to build a personal brand,Career and self development,Business and ecommerce,56,How To Build Your Personal Brand in 2025: 9 Simple Steps,TRUE,0.5797386715,3630,30,18,494,6,https://www.shopify.com/blog/personal-brand,90,Normal
How to build a personal brand,Career and self development,Ecommerce and tech tools,57,7 steps to build a personal brand in 2025 (with examples),FALSE,0.4392749903,2327,20,26,65,5,https://www.heyorca.com/blog/build-personal-brand,37,Normal
How to build a personal brand,Career and self development,Career and self development,0,How To Create a Personal Brand (And Why It’s Important),TRUE,0,0,0,0,115,15,https://www.indeed.com/career-advice/career-development/how-to-create-a-personal-brand,100,Can't crawl
Shopify vs WooCommerce,Ecommerce and tech tools,Ecommerce and tech tools,23,Shopify vs. WooCommerce,FALSE,1,2223,32,15,176,2,https://www.shopify.com/compare/shopify-vs-woocommerce,90,Fairly Hard
Shopify vs WooCommerce,Ecommerce and tech tools,Business and marketing,0,WooCommerce vs. Shopify: Ultimate comparison (2025),TRUE,0.5797386715,0,0,0,34,7,https://www.omnisend.com/blog/woocommerce-vs-shopify/,53,Can't crawl
Shopify vs WooCommerce,Ecommerce and tech tools,Cloud and tech tools,72,WooCommerce Pricing – What to Expect While Launching a WooCommerce Store,TRUE,0.2128899507,2126,24,19,51,11,https://www.cloudways.com/blog/woocommerce-pricing/,55,Normal
e-commerce seo checklist,Ecommerce and tech tools,Ecommerce and tech tools,44,The Complete SEO Checklist: 43 Tips for 2025,TRUE,0.2695176132,6108,70,14,1085,2,https://www.shopify.com/blog/seo-checklist-online-store,90,Normal
e-commerce seo checklist,Ecommerce and tech tools,Business and marketing,32,The Best Ecommerce SEO Checklist,TRUE,0.3563004293,3205,53,14,19,13,https://gofishdigital.com/blog/ecommerce-seo-checklist/,40,Normal
e-commerce seo checklist,Ecommerce and tech tools,WordPress,63,Ecommerce SEO Checklist: 16 Optimizations for Your Online Store,TRUE,0.2521387069,4445,15,16,1,7,https://10web.io/blog/ecommerce-seo-checklist/,55,Normal
Subscription box business model,Ecommerce and tech tools,Subscription management,54,The Ultimate Guide to Subscription Box Business Models,FALSE,0.3748077701,4600,24,2,59,2,https://www.chargebee.com/resources/guides/subscription-box-business-models/,51,Fairly Easy
Subscription box business model,Ecommerce and tech tools,Payment processing,0,Subscription box business models – the basics: Different types and how to pick one,TRUE,0.2819602004,3187,2,18,2,1,https://stripe.com/in/resources/more/subscription-box-business-models-101-different-types-and-how-to-pick-one,78,Fairly Hard
Subscription box business model,Ecommerce and tech tools,Ecommerce and tech tools,49,Subscription Business Model: How and Why It Works,TRUE,0.3748077701,3518,28,8,567,3,https://www.shopify.com/blog/how-to-start-a-subscription-business,90,Fairly Hard
Subscription box business model,Ecommerce and tech tools,Business and marketing,0,How to Start a Subscription Box - 7 Steps for Business Owners,TRUE,0,0,0,0,16,10,https://www.sumup.com/en-us/business-guide/how-to-start-a-subscription-box-in-7-steps/,65,Can't crawl
Print-on-demand pros and cons,Product personalization,Product personalization,59,12 Pros and Cons of Print-on-demand Beginners Should Notice,FALSE,0.6147464668,1937,33,1,8,1,https://teeinblue.com/blogs/en/pros-and-cons-of-print-on-demand,34,Fairly Hard
Print-on-demand pros and cons,Product personalization,Product personalization,38,Top 5 Pros and Cons of Print on Demand,FALSE,0.7765145305,1672,10,15,4,4,https://designshifu.com/top-5-pros-and-cons-of-print-on-demand/,31,Easy
Print-on-demand pros and cons,Product personalization,Ecommerce and tech tools,55,12 Pros And Cons Of Print-On-Demand As A Business Model,FALSE,0.6147464668,2345,34,4,23,3,https://ecommercebonsai.com/print-on-demand-pros-cons/,35,Fairly Easy
Print-on-demand pros and cons,Product personalization,Product personalization,46,Pros and Cons of Print-on-demand drop shipping,FALSE,0,20,7,2,18,6,https://www.printful.com/academy/lessons/pros-and-cons-of-print-on-demand-drop-shipping,64,Fairly Easy
How to start dropshipping,Ecommerce and tech tools,Ecommerce and tech tools,62,How To Start a Dropshipping Business: 9 Essential Steps (2025),TRUE,0.5797386715,3735,30,26,1714,1,https://www.shopify.com/blog/how-to-start-dropshipping,90,Fairly Hard
How to start dropshipping,Ecommerce and tech tools,Web design and development,48,How to start a dropshipping business in 10 steps,TRUE,0.5797386715,4937,23,10,82,7,https://www.wix.com/blog/how-to-start-a-dropshipping-business,83,Normal
How to start dropshipping,Ecommerce and tech tools,Business and marketing,53,How to start dropshipping: 9 Essential Steps and Tips,TRUE,0.5797386715,3412,26,3,94,6,https://mailchimp.com/resources/how-to-start-a-dropshipping-business/,79,Fairly Easy
How to start dropshipping,Ecommerce and tech tools,Ecommerce and tech tools,69,Dropshipping for Dummies: A Beginner’s Ultimate Guide to Dropshipping,FALSE,0.3188495414,5385,32,4,8,20,https://www.dropship.io/blog/dropshipping-for-dummies,43,Easy